Model,Test MAE,Test RMSE,Test R2
Dummy Baseline,0.7278226238025776,0.9397375154091072,-1.189410751889497e-06
Linear Regression,0.5707408416338806,0.750716202249207,0.3618262076147285
